{"Bots": {"u1a24d42579e8d86fb6c0dc0b5b1c60c6": true, "u2ac44f499b565e385f7c9bc27a520e4d": true, "u369a1c8a9d069f35d28135bd481555bf": true, "u74a5c9c9b837588d94161f834b3d721d": true, "uab3e4580d2ad4e9d0361d41849d16a7f": true, "ue4b0d8e0ed81de435aa1675f2838a738": true, "uedefd6f4b7a4766e80a4d0c21bbe2af9": true}, "DPicture": {}, "LikeOn": true, "Unsend": false, "ablacklist": false, "abots": false, "addadmin": false, "admin": {"u9b9897fdd536e9886a4b7c28def482cf": true, "u2ac44f499b565e385f7c9bc27a520e4d": true, "u369a1c8a9d069f35d28135bd481555bf": true, "u74a5c9c9b837588d94161f834b3d721d": true, "uab3e4580d2ad4e9d0361d41849d16a7f": true, "ue4b0d8e0ed81de435aa1675f2838a738": true, "uedefd6f4b7a4766e80a4d0c21bbe2af9": true}, "autoAdd": false, "autoJoin": true, "autoJoinTicket": false, "autoRead": false, "cPicture": {}, "checkPost": false, "checkmid": false, "comment": "autoLike by : LeaBots-VersioN \n\n| READY RENT BOT:\n\n| PROTECTION BOT\n| SELF WAR BOT\n| SELF ONLY\n\n|line.me/ti/p/~zie_rockstar| ", "contact": false, "dblacklist": false, "dbots": false, "deladmin": false, "detectMention": false, "gPicture": {}, "group": {}, "intaPoint": {}, "keyCmd": "", "leaveMsg": {}, "leftmsg": "", "limit": 1, "maxlimit": 1, "mention": "", "message": "", "msgTag": "", "proCancel": {}, "proInvite": {}, "proKick": {}, "proqr": {}, "readMember": {}, "readPoint": {}, "sambutan": "", "selfbot": true, "siderMsg": "", "spamMsg": "", "sticker": false, "welcome": {}}